Workbook

Sheet InfoDocumento
B1: Registro de Análise de Decisão (GDE) — TIMEWARE | C1: Código | D1: Apoio ao TPL-GDE-001 (RAD)
C2: Edição | D2: 1.0
C3: Data | D3: 13/06/2026
A5: Edição | B5: Data | C5: Alterações
A6: 1.0 | B6: 13/06/2026 | C6: Adaptação ao padrão Timeware; preenchimento com decisões reais dos projetos PROFARMA (banco de dados) e FTGASMIG (isolamento de clientes).

Sheet AnaliseDecisaoSolucaoTecnic (2)
A1: ANÁLISE E TOMADA DE DECISÕES — TIMEWARE
A3: Objetivo | B3: Definir a estratégia de isolamento de clientes (ArcelorMittal e Usiminas) em uma única instância do Azure API Management — Projeto FTGASMIG / Fundação Tecnológica GASMIG.
A4: Data: | B4: 14/04/2026
A5: Decisão Final | B5: Alternativa B — Workspaces APIM dedicados por cliente.
A6: Razões /Justificativa | B6: Único modelo que oferece isolamento completo (dados + administração) e escalabilidade sem reconfiguração da base a cada novo cliente — maior pontuação ponderada. A maior complexidade inicial é compensada pela simplicidade operacional ao longo do tempo.
A7: Método | B7: Critérios com peso (matriz de decisão ponderada).
A8: Participantes | B8: Cézar Hiraki (Tech Lead / Arquiteto); Abraão Oliveira (GP / PO) — Timeware.
A10: Critérios de Avaliação
A11: Critério | B11: Descrição | C11: Peso | D11: Razões | I11: Instruções
A12: Isolamento e segurança | B12: Dados e políticas de um cliente não acessíveis ao outro. | C12: 5 | D12: Requisito de segurança multi-tenant. | I12: Peso 5 = alto.
A13: Escalabilidade | B13: Facilidade de adicionar novos clientes no futuro sem reconfigurar a base. | C13: 5 | D13: A fundação é reutilizável e prevê expansão. | I13: Peso 5 = alto.
A14: Delegação de administração | B14: Conceder acesso administrativo limitado por cliente. | C14: 3 | D14: Governança operacional por cliente. | I14: Peso 3 = médio.
A15: Complexidade de configuração inicial | B15: Esforço inicial de provisionamento (nota maior = menor complexidade). | C15: 1 | D15: Custo de implantação inicial. | I15: Peso 1 = baixo.
A21: Planilha de Apoio à Decisão
A22: Resultado = Multiplica o peso do criterio vezes a nota de cada alternativa e executa o somatorio de todas as multiplicações = total ponderado
A23: ID da Alternativa | B23: Alternativas (Se necessário descrever o cenário da Alternativa.) | C23: Peso | K23: Resultado ( A escolha da Alternativa será o resultado de maior valor)
C24: =C12 | D24: =C13 | E24: =C14 | F24: =C15 | G24: =C16 | H24: =C17 | I24: =C18 | J24: =C19
C25: Critérios
C26: =A12 | D26: =A13 | E26: =A14 | F26: =A15 | G26: =A16 | H26: =A17 | I26: =A18 | J26: =A19
C27: Nota (0 a 10) | D27: Nota (0 a 10) | E27: Nota (0 a 10) | F27: Nota (0 a 10) | G27: Nota (0 a 10) | H27: Nota (0 a 10) | I27: Nota (0 a 10) | J27: Nota (0 a 10)
A28: 1 | B28: Produtos/Assinaturas por cliente | C28: 5 | D28: 3 | E28: 2 | F28: 9 | K28: =C28*$C$12+D28*$C$13+E28*$C$14+F28*$C$15+G28*$C$16
A29: 2 | B29: Workspaces APIM dedicados por cliente | C29: 10 | D29: 10 | E29: 9 | F29: 5 | K29: =C29*$C$12+D29*$C$13+E29*$C$14+F29*$C$15+G29*$C$16
K30: =C30*$C$12+D30*$C$13+E30*$C$14+F30*$C$15+G30*$C$16
K31: =C31*C24+D31*D24+E31*E24+F31*F24
K32: 0
K33: 0
K34: 0
K35: 0
K36: 0
K37: 0
K38: 0
A40: Anexos / proveniência: derivado de GDE-GASMIG02-001 (decisão de isolamento de clientes no Azure APIM). Conversão de pesos: Alto=5, Médio=3, Baixo=1. Notas 0–10 derivadas da matriz qualitativa documentada; alternativa vencedora coincide com a decisão registrada (Workspaces).

Sheet Estimativa_Cliente
B7: Demanda: SINKRON-X
B10: Estimativa
B11: Fases | C11: Atividades | D11: Function Points | E11: Peso | F11: Esforço (Jornadas)
B12: Análise | C12: Historia/Funcional | D12: =_xlfn.CEILING.MATH('Planning Poker'!$J$25*Estimativa_Cliente!E12) | E12: 0.02 | F12: =SUM(D12:D13) *4/8 | H12: Entendimento da história do Jira
C13: Planning Poker | D13: =_xlfn.CEILING.MATH('Planning Poker'!$J$25*Estimativa_Cliente!E13) | E13: 0.01 | H13: Elaborar Estimativa
B14: Desenho | C14: Coleta e entendimento dos objetos envolvidos. | D14: =_xlfn.CEILING.MATH('Planning Poker'!$J$25*Estimativa_Cliente!E14) | E14: 0.02 | F14: =SUM(D14:D17) *4/8 | G14: Especificação Técnica
C15: Definição da técnologia utilizada e abordagem | D15: =_xlfn.CEILING.MATH('Planning Poker'!$J$25*Estimativa_Cliente!E15) | E15: 0.02
C16: Elaboração e planejamento | D16: =_xlfn.CEILING.MATH('Planning Poker'!$J$25*Estimativa_Cliente!E16) | E16: 0.03
C17: Criação da documentação técnica parcial. | D17: =_xlfn.CEILING.MATH('Planning Poker'!$J$25*Estimativa_Cliente!E17) | E17: 0.01
B18: Construção | C18: Desenvolvimento | D18: =_xlfn.CEILING.MATH('Planning Poker'!$J$25*Estimativa_Cliente!E18) | E18: 0.3 | F18: =SUM(D18:D22)*4/8 | H18: Desenvolvimento
C19: Teste Unitário | D19: =_xlfn.CEILING.MATH('Planning Poker'!$J$25*Estimativa_Cliente!E19) | E19: 0.1 | H19: Desenvolvimento
C20: Profiling | D20: =_xlfn.CEILING.MATH('Planning Poker'!$J$25*Estimativa_Cliente!E20) | E20: 0.1
C21: Code Review | D21: =_xlfn.CEILING.MATH('Planning Poker'!$J$25*Estimativa_Cliente!E21) | E21: 0.05 | H21: Code Review
C22: Conclusão | D22: =_xlfn.CEILING.MATH('Planning Poker'!$J$25*Estimativa_Cliente!E22) | E22: 0.05
B23: Teste | C23: Criação dos Cenários de Testes | D23: =_xlfn.CEILING.MATH('Planning Poker'!$J$25*Estimativa_Cliente!E23) | E23: 0.07 | F23: =SUM(D23:D24)*4/8 | H23: Elaboração/Execução de testes (DET)
C24: Execução dos Cenários de Testes (Não pode ser executado pelo criador dos cenários de testes) | D24: =_xlfn.CEILING.MATH('Planning Poker'!$J$25*Estimativa_Cliente!E24) | E24: 0.1
B25: Produção | C25: Aplicação em Produção | D25: =_xlfn.CEILING.MATH('Planning Poker'!$J$25*Estimativa_Cliente!E25) | E25: 0.05 | F25: =SUM(D25:D26)*4/8 | G25: Documentação final
C26: Atualização da Documentação com a versão final | D26: =_xlfn.CEILING.MATH('Planning Poker'!$J$25*Estimativa_Cliente!E26) | E26: 0.07
D27: =SUM(D12:D26) | E27: =SUM(E12:E26) | F27: =SUM(F12:F26)

Sheet Estimativa_Projeto
B7: Demanda: SINKRON-X
B10: Estimativa
B11: Visão cliente | D11: Visão Projeto | F11: Visão Geral
B12: Fases | C12: Atividades | D12: Atividades do ciclo de vida (Subtarefas do Jira) | E12: Esforço Projeto (Jira) (Jornadas) | F12: Function Points | G12: Peso | H12: Esforço (Jornadas)
B13: Análise | C13: Historia/Funcional | D13: Entendimento da história do Jira | E13: =F13*(4/8) | F13: =_xlfn.CEILING.MATH('Planning Poker'!$J$25*Estimativa_Projeto!G13) | G13: 0.02 | H13: =SUM(F13:F14) *4/8
C14: Planning Poker | D14: Elaborar Estimativa | E14: =F14*(4/8) | F14: =_xlfn.CEILING.MATH('Planning Poker'!$J$25*Estimativa_Projeto!G14) | G14: 0.01
B15: Desenho | C15: Coleta e entendimento dos objetos envolvidos. | D15: Especificação Técnica | E15: =SUM(F15:F18)*(4/8) | F15: =_xlfn.CEILING.MATH('Planning Poker'!$J$25*Estimativa_Projeto!G15) | G15: 0.02 | H15: =SUM(F15:F18) *4/8
C16: Definição da técnologia utilizada e abordagem | F16: =_xlfn.CEILING.MATH('Planning Poker'!$J$25*Estimativa_Projeto!G16) | G16: 0.02
C17: Elaboração e planejamento | F17: =_xlfn.CEILING.MATH('Planning Poker'!$J$25*Estimativa_Projeto!G17) | G17: 0.03
C18: Criação da documentação técnica parcial. | F18: =_xlfn.CEILING.MATH('Planning Poker'!$J$25*Estimativa_Projeto!G18) | G18: 0.01
B19: Construção | C19: Desenvolvimento | D19: Desenvolvimento | E19: =(SUM(F19:F21)+F23)*(4/8) | F19: =_xlfn.CEILING.MATH('Planning Poker'!$J$25*Estimativa_Projeto!G19) | G19: 0.3 | H19: =SUM(F19:F23)*4/8
C20: Teste Unitário | F20: =_xlfn.CEILING.MATH('Planning Poker'!$J$25*Estimativa_Projeto!G20) | G20: 0.1
C21: Profiling | F21: =_xlfn.CEILING.MATH('Planning Poker'!$J$25*Estimativa_Projeto!G21) | G21: 0.1
C22: Code Review | D22: Code Review | E22: =F22*(4/8) | F22: =_xlfn.CEILING.MATH('Planning Poker'!$J$25*Estimativa_Projeto!G22) | G22: 0.05
C23: Conclusão | D23: Desenvolvimento | F23: =_xlfn.CEILING.MATH('Planning Poker'!$J$25*Estimativa_Projeto!G23) | G23: 0.05
B24: Teste | C24: Criação dos Cenários de Testes | D24: Elaboração/Execução de testes (DET) | E24: =SUM(F24:F25)*(4/8) | F24: =_xlfn.CEILING.MATH('Planning Poker'!$J$25*Estimativa_Projeto!G24) | G24: 0.07 | H24: =SUM(F24:F25)*4/8
C25: Execução dos Cenários de Testes (Não pode ser executado pelo criador dos cenários de testes) | F25: =_xlfn.CEILING.MATH('Planning Poker'!$J$25*Estimativa_Projeto!G25) | G25: 0.1
B26: Produção | C26: Aplicação em Produção | D26: Documentação final | E26: =SUM(F26:F27)*(4/8) | F26: =_xlfn.CEILING.MATH('Planning Poker'!$J$25*Estimativa_Projeto!G26) | G26: 0.05 | H26: =SUM(F26:F27)*4/8
C27: Atualização da Documentação com a versão final | F27: =_xlfn.CEILING.MATH('Planning Poker'!$J$25*Estimativa_Projeto!G27) | G27: 0.07
E28: =SUM(E13:E27) | F28: =SUM(F13:F27) | G28: =SUM(G13:G27) | H28: =SUM(H13:H27)

Sheet Planning Poker
B2: Planning Poker
B3: Funcionalidade | D3: Function Points
D4: Round 1 | E4: 5 | F4: 5 | G4: 5 | H4: 5 | I4: =MEDIAN(E4:H4) | J4: =IF(I6=0,IF(I5=0,I4,I5),I6)
D5: Round 2 | E5: 0 | F5: 0 | G5: 0 | H5: 0 | I5: =MEDIAN(E5:H5)
D6: Round 3 | E6: 0 | F6: 0 | G6: 0 | H6: 0 | I6: =MEDIAN(E6:H6)
D7: Round 1 | E7: 0 | F7: 0 | G7: 0 | H7: 0 | I7: =MEDIAN(E7:H7) | J7: =IF(I9=0,IF(I8=0,I7,I8),I9)
D8: Round 2 | E8: 0 | F8: 0 | G8: 0 | H8: 0 | I8: =MEDIAN(E8:H8)
D9: Round 3 | E9: 0 | F9: 0 | G9: 0 | H9: 0 | I9: =MEDIAN(E9:H9)
D10: Round 1 | E10: 0 | F10: 0 | G10: 0 | H10: 0 | I10: =MEDIAN(E10:H10) | J10: =IF(I12=0,IF(I11=0,I10,I11),I12)
D11: Round 2 | E11: 0 | F11: 0 | G11: 0 | H11: 0 | I11: =MEDIAN(E11:H11)
D12: Round 3 | E12: 0 | F12: 0 | G12: 0 | H12: 0 | I12: =MEDIAN(E12:H12)
D13: Round 1 | E13: 0 | F13: 0 | G13: 0 | H13: 0 | I13: =MEDIAN(E13:H13) | J13: =IF(I15=0,IF(I14=0,I13,I14),I15)
D14: Round 2 | E14: 0 | F14: 0 | G14: 0 | H14: 0 | I14: =MEDIAN(E14:H14)
D15: Round 3 | E15: 0 | F15: 0 | G15: 0 | H15: 0 | I15: =MEDIAN(E15:H15)
D16: Round 1 | E16: 0 | F16: 0 | G16: 0 | H16: 0 | I16: =MEDIAN(E16:H16) | J16: =IF(I18=0,IF(I17=0,I16,I17),I18)
D17: Round 2 | E17: 0 | F17: 0 | G17: 0 | H17: 0 | I17: =MEDIAN(E17:H17)
D18: Round 3 | E18: 0 | F18: 0 | G18: 0 | H18: 0 | I18: =MEDIAN(E18:H18)
D19: Round 1 | E19: 0 | F19: 0 | G19: 0 | H19: 0 | I19: =MEDIAN(E19:H19) | J19: =IF(I21=0,IF(I20=0,I19,I20),I21)
D20: Round 2 | E20: 0 | F20: 0 | G20: 0 | H20: 0 | I20: =MEDIAN(E20:H20)
D21: Round 3 | E21: 0 | F21: 0 | G21: 0 | H21: 0 | I21: =MEDIAN(E21:H21)
D22: Round 1 | E22: 0 | F22: 0 | G22: 0 | H22: 0 | I22: =MEDIAN(E22:H22) | J22: =IF(I24=0,IF(I23=0,I22,I23),I24)
D23: Round 2 | E23: 0 | F23: 0 | G23: 0 | H23: 0 | I23: =MEDIAN(E23:H23)
D24: Round 3 | E24: 0 | F24: 0 | G24: 0 | H24: 0 | I24: =MEDIAN(E24:H24)
B25: Total | J25: =SUM(J4:J24)
B27: A estatística poderá ser baseada em histórico. Já entregamos as 10 tarefas... 70% para Dev, 20% teste e 10% para outras formas.

Sheet AnaliseDecisao-VersaoModeloMPS
A1: ANÁLISE E TOMADA DE DECISÕES — TIMEWARE
A3: Objetivo | B3: Selecionar o banco de dados para persistência do Cadastro de Clientes (~7 mi de CPFs), com suporte a JSONB (outbox/auditoria), hospedagem no Azure e alta frequência de leitura — Projeto PROFARMA / Cadastro de Clientes Rede D1000.
A4: Data: | B4: 09/05/2025
A5: Decisão Final | B5: Alternativa A — PostgreSQL (Azure Database for PostgreSQL Flexible Server).
A6: Razões /Justificativa | B6: Única alternativa que atende simultaneamente a três requisitos críticos: JSONB nativo (outbox/auditoria), integração madura com .NET (EF Core + Dapper) e custo sem licenciamento adicional — maior pontuação ponderada na matriz.
A7: Método | B7: Critérios com peso (matriz de decisão ponderada).
A8: Participantes | B8: Armando Junior (Tech Lead / Gestor de TI — Rede D1000, aprovação); equipe técnica Timeware (Tech Lead; GP Abraão Oliveira).
A10: Critérios de Avaliação
A11: Critério | B11: Descrição | C11: Peso | D11: Razões | H11: Instruções
A12: Suporte nativo a JSONB | B12: JSONB indexável para o mecanismo de outbox de integração e para as tabelas de auditoria. | C12: 5 | D12: Requisito crítico — outbox e auditoria dependem de JSONB eficiente. | H12: Peso 5 = alto peso na decisão.
A13: Compatibilidade com Azure | B13: Disponibilidade como serviço gerenciado no Azure. | C13: 5 | D13: A plataforma de produção é o Azure. | H13: Peso 5 = alto peso na decisão.
A14: Performance de leitura por CPF | B14: Leitura por chave primária (CPF) em alta volumetria e múltiplos canais. | C14: 5 | D14: Operação mais frequente do sistema; impacta SLA. | H14: Peso 5 = alto peso na decisão.
A15: Integração com o stack .NET | B15: EF Core (escrita) + Dapper (leitura). | C15: 3 | D15: Produtividade e manutenção da equipe. | H15: Peso 3 = peso médio na decisão.
A16: Custo operacional no Azure | B16: Custo do serviço gerenciado, incluindo licenciamento. | C16: 3 | D16: Sustentabilidade financeira da operação. | H16: Peso 3 = peso médio na decisão.
A17: Curva de aprendizado da equipe | B17: Familiaridade da equipe com a tecnologia. | C17: 1 | D17: Risco de ramp-up. | H17: Peso 1 = baixo peso na decisão.
A20: Planilha de Apoio à Decisão
A21: Resultado = Multiplica o peso do criterio vezes a nota de cada alternativa e executa o somatorio de todas as multiplicações = total ponderado
A22: ID da Alternativa | B22: Alternativas (Se necessário descrever o cenário da Alternativa.) | C22: Peso | J22: Resultado ( A escolha da Alternativa será o resultado de maior valor)
C23: =C12 | D23: =C13 | E23: =C14 | F23: =C15 | G23: =C16 | H23: =C17 | I23: =C18
C24: Critérios
C25: =A12 | D25: =A13 | E25: =A14 | F25: =A15 | G25: =A16 | H25: =A17 | I25: =A18
C26: Nota (0 a 10) | D26: Nota (0 a 10) | E26: Nota (0 a 10) | F26: Nota (0 a 10) | G26: Nota (0 a 10) | H26: Nota (0 a 10) | I26: Nota (0 a 10)
A27: 1 | B27: PostgreSQL (Azure DB for PostgreSQL Flexible Server) | C27: 10 | D27: 9 | E27: 9 | F27: 9 | G27: 9 | H27: 9 | J27: =(C27*$C$12)+(D27*$C$13)+(E27*$C$14)+(F27*$C$15)+(G27*$C$16)+(H27*$C$17)
A28: 2 | B28: SQL Server (Azure SQL) | C28: 4 | D28: 10 | E28: 9 | F28: 10 | G28: 3 | H28: 9 | J28: =(C28*$C$12)+(D28*$C$13)+(E28*$C$14)+(F28*$C$15)+(G28*$C$16)+(H28*$C$17)
A29: 3 | B29: MySQL (Azure DB for MySQL) | C29: 6 | D29: 6 | E29: 7 | F29: 7 | G29: 9 | H29: 8 | J29: =(C29*$C$12)+(D29*$C$13)+(E29*$C$14)+(F29*$C$15)+(G29*$C$16)+(H29*$C$17)
A30: 4 | B30: MongoDB (Azure Cosmos DB for MongoDB) | C30: 7 | D30: 6 | E30: 6 | F30: 6 | G30: 5 | H30: 5 | J30: =(C30*$C$12)+(D30*$C$13)+(E30*$C$14)+(F30*$C$15)+(G30*$C$16)+(H30*$C$17)
J31: 0
J32: 0
J33: 0
J34: 0
J35: 0
J36: 0
J37: 0
A39: Anexos / proveniência: derivado de GDE-PROFARMA01-001 (Decisão GDE-001). Conversão de pesos: Alto=5, Médio=3, Baixo=1. Notas 0–10 derivadas da matriz qualitativa documentada; alternativa vencedora coincide com a decisão registrada (PostgreSQL).

Sheet Feriados
A1: Feriados
A2: 41275 | B2: Confraternização Universal
A3: 41316 | B3: Carnaval
A4: 41317 | B4: Carnaval
A5: 41362 | B5: Paixão de Cristo
A6: 41385 | B6: Tiradentes
A7: 41395 | B7: Dia do Trabalho
A8: 41424 | B8: Corpus Christi
A9: 41524 | B9: Independência do Brasil
A10: 41559 | B10: Nossa Sr.a Aparecida - Padroeira do Brasil
A11: 41580 | B11: Finados
A12: 41593 | B12: Proclamação da República
A13: 41633 | B13: Natal
... A117: 44155 | B117: Consciencia Negra
