Workbook
Name ADERENCIA: #REF!
Name ADERENCIA_CM: #REF!
Name ADERENCIA_DAR: #REF!
Name ADERENCIA_IPM: #REF!
Name ADERENCIA_MA: #REF!
Name ADERENCIA_OPD: #REF!
Name ADERENCIA_OPF: #REF!
Name ADERENCIA_OT: #REF!
Name ADERENCIA_PI: #REF!
Name ADERENCIA_PMC: #REF!
Name ADERENCIA_PP: #REF!
Name ADERENCIA_PPQA: #REF!
Name ADERENCIA_RD: #REF!
Name ADERENCIA_REQM: #REF!
Name ADERENCIA_RSKM: #REF!
Name ADERENCIA_SAM: #REF!
Name ADERENCIA_TS: #REF!
Name ADERENCIA_VAL: #REF!
Name ADERENCIA_VER: #REF!
Name ALERTA: #REF!
Name Auditado: #REF!
Name Auditor: #REF!
Name CHECKLIST_RESULTADO: #REF!
Name Checklist_Selecionado: #REF!
Name Classificação_NC: [1]Dados!$A$21:$A$23
Name diretor: #REF!
Name executivo: #REF!
Name ID_Jira: #REF!
Name Jira_Component: #REF!
Name NOME_CAMPO_AREA_NEGOCIO: #REF!
Name NUM_NCS_CM: #REF!
Name NUM_NCS_DAR: #REF!
Name NUM_NCS_IPM: #REF!
Name NUM_NCS_MA: #REF!
Name NUM_NCS_OPD: #REF!
Name NUM_NCS_OPF: #REF!
Name NUM_NCS_OT: #REF!
Name NUM_NCS_PI: #REF!
Name NUM_NCS_PMC: #REF!
Name NUM_NCS_PP: #REF!
Name NUM_NCS_PPQA: #REF!
Name NUM_NCS_RD: #REF!
Name NUM_NCS_REQM: #REF!
Name NUM_NCS_RSKM: #REF!
Name NUM_NCS_SAM: #REF!
Name NUM_NCS_TS: #REF!
Name NUM_NCS_VAL: #REF!
Name NUM_NCS_VER: #REF!
Name NUN_OK_CM: #REF!
Name NUN_OK_DAR: #REF!
Name NUN_OK_IPM: #REF!
Name NUN_OK_MA: #REF!
Name NUN_OK_OPD: #REF!
Name NUN_OK_OPF: #REF!
Name NUN_OK_OT: #REF!
Name NUN_OK_PI: #REF!
Name NUN_OK_PMC: #REF!
Name NUN_OK_PP: #REF!
Name NUN_OK_PPQA: #REF!
Name NUN_OK_RD: #REF!

Sheet NCs
A1: Project Key | B1: Issue Type | C1: Summary | D1: Parent Issue | E1: description | F1: Component | G1: Assignee | H1: [Qualidade] Auditor | I1: [Qualidade] Auditado | J1: Nome do Projeto | K1: Área de Negócio | L1: Executivo | M1: Diretor
A2: QUALITY | B2: Não conformidade | C2: Qualidade - QUALITY-13458 - NC1 | D2: QUALITY-13458 | E2: Áreas0485 - Todas as auditorias de GQA estão sendo planejadas na ferramenta JIRA e realizadas conforme planejado?_x000D_ _x000D_ Não foi possível localizar a Auditoria Interna de Treinamento de Novembro/2016, com a periodicidade bimestral. As demais auditorias estão sendo planejadas e acompanhadas no Jira._x000D_ _x000D_ ATENÇÃO AUDITOR: Antes de aceitar a resolução da Não Conformidade, consulte a Orientação contida no Checklist | F2: Auditoria Areas | G2: melena | H2: mariliaoliveira | I2: melena | J2: Qualidade | K2: Áreas de apoio | L2: melena | M2: igor
A3: QUALITY | B3: Não conformidade | C3: Qualidade - QUALITY-13458 - NC2 | D3: QUALITY-13458 | E3: Áreas0490 - Existe alguma atividade em atraso (Melhorias, Defeitos e Pendências)?_x000D_ _x000D_ Foram localizadas as atividades em atraso: - Status Aberto: QUALITY-15596 Tratamento do Plano de Ação dos treinamentos QUALITY-15589 Criar um painel para acompanhar as Melhorias criadas a mais de 60 dias QUALITY-15383 Planilha de Importação do JIRA QUALITY-15252 Reunião Análise Impacto Alterações Organizacionais QUALITY-15059 Rever documentação mínima para construção (CONTINUA EM ATRASO) QUALITY-15058 Verificar como obrigar comentários no CVS (CONTINUA EM ATRASO) QUALITY-13895 Processo de Gestão vs Portal BRQ (CONTINUA EM ATRASO) - Status Em andamento: QUALITY-15623 Migração dos arquivos do Juridico para SVN QUALITY-15502 Auditoria Externa da Certificação ISO 9001:2008 QUALITY-12239 Reunião Diária da Qualidade - 16/12/2016_x000D_ _x000D_ ATENÇÃO AUDITOR: Antes de aceitar a resolução da Não Conformidade, consulte a Orientação contida no Checklist | F3: Auditoria Areas | G3: melena | H3: mariliaoliveira | I3: melena | J3: Qualidade | K3: Áreas de apoio | L3: melena | M3: igor

Sheet Planejamento
C2: Checklist de Auditoria de Projetos (GQA) — TIMEWARE Versão 1.0
B6: Auditoria da Qualidade
B7: Auditor
B8: Data da Auditoria
B9: Projeto/Sprint
B10: Gerente do Projeto
B13: Total de itens auditados | C13: =COUNTA(C22:C41)
B14: Total de NC | C14: =COUNTIF(C22:C41,"Não Conformidade")
B15: Total de itens não verificaveis | C15: =COUNTIF(C22:C41,"N/A")
B16: Itens em conformidade | C16: =COUNTIF(C22:C41,"OK")
B17: % de Aderência | C17: =(C16+C15)/C13
B18: Meta | C18: 0.9
B21: Pergunta | C21: Resultado | D21: Observação do Auditor | E21: Orientação para Auditor
B22: O escopo do trabalho para o projeto foi estabelecido, mantido atualizado e utilizado? | C22: N/A | E22: Verificar se há o documento enviado pelo Cliente com a definição do Escopo (Termo de Abertura, OS)
B23: As estimativas em relação a dimensão, esforço, custo, duração das tarefas e dos produtos de trabalho foram estabelecidas com a utilização de métodos apropriados, baseadas no repositório organizacional de medidas e no conjunto de ativos de processo organizacional. Estão documentados na ferramenta de gestão? | C23: N/A | E23: Verificar se foram realizadas as estimativas das tarefas e registradas na ferramenta JIRA.
B24: O orçamento e o cronograma incluindo a definição de marcos, foram estabelecidos? | C24: N/A | E24: Verificar se o orçamento (planejamento Financeiro) e o cronograma das tarefas foram registradas na ferramenta JIRA.
B25: Os recursos humanos foram planejados? Os recursos materiais e o ambiente de trabalho necessário foi estabelecido a partir do ambiente padrão? | C25: N/A | E25: Verificar na ferramenta JIRA se os profissionais envolvidos estão definidos, e se o ambiente de trabalho foi estabelecido, levando em consideração o ambiente padrão.
B26: O envolvimento das partes interessadas no projeto foi planejado? | C26: N/A | E26: Verificar se no registro da Plannig se todos os envolvidos participaram e tem os registros.
B27: Os riscos e oportunidades (se for o caso) foram identificados e registrados? | C27: N/A | E27: Verificar se os riscos e oportunidades (se for o caso) foram identificados e registrados corretamente quanto a categorias, priorizações, impactos.
B28: Foi avaliada a viabilidade do projeto? Se necessário, ajustes nos planos do projeto foram realizados visando reconciliar os recursos disponíveis com os recursos necessários e os requisitos com os produtos de trabalho? | C28: N/A | E28: Verificar se avaliado de forma formal a viabilidade para o desenvolvimento do projeto.
B29: O Plano do Projeto foi revisado com todos os interessados, e o compromisso com ele foi obtido? | C29: N/A | E29: Verificar se no registro da Plannig se todos os envolvidos particiaparam e tem os registros.
B30: Foi realizado o assessment com o cliente. | E30: Verificar se há evidências da avaliação de maturidade do cliente ( ambiente, performace, qualidade, custo, tempo).
B31: Foi gerado o documento para o cliente com as informações em relação ao nível de maturidade e oportunidades de melhorias se for o caso? | E31: Verificar se o documento resultado da reunião do time de desenvolvimento, cliente ( infra) e time de devops, foi gerado.
B32: Os requisitos do cliente foram identificados e priorizados considerando interfaces e as necessidades, expectativas e restrições? | C32: N/A | E32: Verificar no cronograma do projeto se é possivel identificar a priorização dos requisitos do cliente.
B33: Os requisítos funcionais, não funcionais e interfaces foram detalhados em documentos definidos pelo cliente? | C33: N/A | E33: Verificar se os requisitos foram especificados e detalhados nos documentos apropriados para o cliente. Verificar se a especificação das interfaces foi realizada. Os documento está armazenado no repositório do Projeto.
B34: Foram realizadas validações dos requisitos (simulações, protótipos, provas de conceito, etc) e demais artefatos com o cliente para garantir que o produto a ser gerado satisfaça às necessidades? | C34: N/A | E34: Verificar como foi realizado a revisão dos documentos de requisitos com o Cliente.
B35: O Cliente aprovou o escopo das Releases/Sprint em reunião formal, ou por email, ou registrou o aceite na ferramenta JIRA? | C35: N/A | E35: Verificar se há uma apresentação formal para o Cliente do escopo da Release/Sprint, ou um e-mail com a aprovação formal por parte do Cliente.
B36: A base de lições aprendidas foi utilizada para consulta durante o planejamento do projeto? | C36: N/A | E36: Verificar na ferramenta de gestão se foram registradas lições aprendidas utilizadas.
B37: Os artefatos, Produtos e Componentes de produto a serem validados e verificados foram selecionados? | C37: N/A | E37: Verificar se as revisões e testes funcional e integrado foram selecionados no Cronograma.
B38: Foram planejadas as atividades do projeto (Gestão e Engenharia) contendo o esforço estimado e recursos associados? | C38: N/A | E38: Verificar na ferramenta de gestão do projeto se foram planejadas as atividades de gestão e engenharia do projeto. Este planejamento deve conter as atividades do projeto com datas planejadas, esforço estimado, recursos associados e predecessores definidos.
B39: Foi comunicado o status das atividades de gestão do projeto para o superior imediato? | C39: N/A | E39: Verificar se o gestor formalizou através de email ou através da apresentação da Reunião Executiva semanal o status do planejamento da gestão para o superior imediato.
